{
  "version": 2,
  "public": true,
  "rewrites": [
    {
      "source": "/model/(.*)",
      "destination": "/model.html"
    }
  ],
  "headers": [
    {
      "source": "/(.*)",
      "headers": [
        {
          "key": "Access-Control-Allow-Origin",
          "value": "*"
        },
        {
          "key": "Access-Control-Allow-Methods",
          "value": "GET, POST, PUT, DELETE, OPTIONS"
        },
        {
          "key": "Access-Control-Allow-Headers",
          "value": "Content-Type, Authorization"
        }
      ]
    }
  ]
}